{
  "project_info": {
    "project_number": "645117218420",
    "project_id": "pitelalogin",
    "storage_bucket": "pitelalogin.appspot.com"
  },
  "client": [
    {
      "client_info": {
        "mobilesdk_app_id": "1:645117218420:android:0a7ed7355d8070f4490b21",
        "android_client_info": {
          "package_name": "com.example.tela_login_projetointegrador"
        }
      },
      "oauth_client": [],
      "api_key": [
        {
          "current_key": "AIzaSyAO4pOomKI_oTyLhEAzS1n8oqQvyog_XKQ"
        }
      ],
      "services": {
        "appinvite_service": {
          "other_platform_oauth_client": []
        }
      }
    }
  ],
  "configuration_version": "1"
}